{
    "data": {
        "index": {
                "type": "Uint16Array",
                "array": [0,1,2,3,4,5,6,7,0,8,1,7,1,9,2,0,10,11,0,7,1,3,9,4,6,12,7,8,13,1,1,4,9,0,2,10],
                "itemSize": 3
            },
        "attributes": {
            "uv": {
                "type": "Float32Array",
                "array": [0.885661,0.894392,0.536474,0.12708,0.536474,0.894392,0.063223,0.894391,0.414089,0.127081,0.063223,0.127081,0.999999,0.894392,0.885661,0.12708,0.885661,0.029802,0.414089,0.894391,0.536473,0.998406,0.88566,0.998406,1,0.127081,0.536474,0.029802],
                "itemSize": 2
            },
            "position": {
                "type": "Float32Array",
                "array": [1,4.24217,0.286731,-1,-0.122401,0.286731,-1,4.24217,0.286731,1,4.24217,-0.286731,-1,-0.122401,-0.286731,0.999999,-0.122403,-0.286731,1,4.24217,-0.286731,1,-0.122402,0.286731,0.999999,-0.122403,-0.286731,-1,4.24217,-0.286731,-1,4.24217,-0.286731,1,4.24217,-0.286731,0.999999,-0.122403,-0.286731,-1,-0.122401,-0.286731],
                "itemSize": 3
            },
            "normal": {
                "type": "Float32Array",
                "array": [-0.577349,-0.577349,-0.577349,0.577349,0.577349,-0.577349,0.577349,-0.577349,-0.577349,-0.577349,-0.577349,0.577349,0.577349,0.577349,0.577349,-0.577349,0.577349,0.577349,-0.577349,-0.577349,0.577349,-0.577349,0.577349,-0.577349,-0.577349,0.577349,0.577349,0.577349,-0.577349,0.577349,0.577349,-0.577349,0.577349,-0.577349,-0.577349,0.577349,-0.577349,0.577349,0.577349,0.577349,0.577349,0.577349],
                "itemSize": 3
            }
        }
    }
}